model,dataset,epochs,layers,tau,lr1,wd1,lr2,wd2,channels,edge_drop_rate,feat_mask_rate,mlp_use,val_acc
SelfGCon,Computers,20,2,0.5,0.001,0.0,0.01,0.01,256,0.0,0.0,False,0.5853090822696686
SelfGCon,Computers,50,2,0.5,0.001,0.0,0.01,0.01,256,0.0,0.0,False,0.4831999897956848
SelfGCon,Computers,20,2,0.5,0.001,0.0,0.01,0.0001,256,0.0,0.0,False,0.8587636172771453
SelfGCon,Computers,50,2,0.5,0.001,0.0,0.01,0.0001,256,0.0,0.0,False,0.7628363490104675
SelfGCon,Computers,20,2,0.5,0.001,0.0,0.005,0.01,256,0.0,0.0,False,0.5458181649446487
SelfGCon,Computers,50,2,0.5,0.001,0.0,0.005,0.01,256,0.0,0.0,False,0.5071272611618042
SelfGCon,Computers,20,2,0.5,0.001,0.0,0.005,0.0001,256,0.0,0.0,False,0.8565818011760712
SelfGCon,Computers,50,2,0.5,0.001,0.0,0.005,0.0001,256,0.0,0.0,False,0.7831999838352204
SelfGCon,Computers,20,2,0.5,0.001,0.0,0.01,0.01,256,0.0,0.1,False,0.8241454303264618
SelfGCon,Computers,50,2,0.5,0.001,0.0,0.01,0.01,256,0.0,0.1,False,0.8468363344669342
SelfGCon,Computers,20,2,0.5,0.001,0.0,0.01,0.0001,256,0.0,0.1,False,0.8839999735355377
SelfGCon,Computers,50,2,0.5,0.001,0.0,0.01,0.0001,256,0.0,0.1,False,0.8808727025985718
SelfGCon,Computers,20,2,0.5,0.001,0.0,0.005,0.01,256,0.0,0.1,False,0.8263272523880005
SelfGCon,Computers,50,2,0.5,0.001,0.0,0.005,0.01,256,0.0,0.1,False,0.8435636162757874
SelfGCon,Computers,20,2,0.5,0.001,0.0,0.005,0.0001,256,0.0,0.1,False,0.8783999681472778
SelfGCon,Computers,50,2,0.5,0.001,0.0,0.005,0.0001,256,0.0,0.1,False,0.8858181536197662
SelfGCon,Computers,20,2,0.5,0.001,0.0,0.01,0.01,256,0.0,0.2,False,0.8352727055549621
SelfGCon,Computers,50,2,0.5,0.001,0.0,0.01,0.01,256,0.0,0.2,False,0.8451636135578156
SelfGCon,Computers,20,2,0.5,0.001,0.0,0.01,0.0001,256,0.0,0.2,False,0.8817454397678375
SelfGCon,Computers,50,2,0.5,0.001,0.0,0.01,0.0001,256,0.0,0.2,False,0.8811636149883271
SelfGCon,Computers,20,2,0.5,0.001,0.0,0.005,0.01,256,0.0,0.2,False,0.8227636277675628
SelfGCon,Computers,50,2,0.5,0.001,0.0,0.005,0.01,256,0.0,0.2,False,0.8411636114120483
SelfGCon,Computers,20,2,0.5,0.001,0.0,0.005,0.0001,256,0.0,0.2,False,0.8794908821582794
SelfGCon,Computers,50,2,0.5,0.001,0.0,0.005,0.0001,256,0.0,0.2,False,0.8778908789157868
SelfGCon,Computers,20,2,0.5,0.001,0.0,0.01,0.01,256,0.0,0.3,False,0.8300363481044769
SelfGCon,Computers,50,2,0.5,0.001,0.0,0.01,0.01,256,0.0,0.3,False,0.8469817876815796
SelfGCon,Computers,20,2,0.5,0.001,0.0,0.01,0.0001,256,0.0,0.3,False,0.878181791305542
SelfGCon,Computers,50,2,0.5,0.001,0.0,0.01,0.0001,256,0.0,0.3,False,0.8813817977905274
SelfGCon,Computers,20,2,0.5,0.001,0.0,0.005,0.01,256,0.0,0.3,False,0.8226908922195435
SelfGCon,Computers,50,2,0.5,0.001,0.0,0.005,0.01,256,0.0,0.3,False,0.8397090673446655
SelfGCon,Computers,20,2,0.5,0.001,0.0,0.005,0.0001,256,0.0,0.3,False,0.8690908908843994
SelfGCon,Computers,50,2,0.5,0.001,0.0,0.005,0.0001,256,0.0,0.3,False,0.8815999805927277
SelfGCon,Computers,20,2,0.5,0.001,0.0,0.01,0.01,256,0.0,0.4,False,0.8172363460063934
SelfGCon,Computers,50,2,0.5,0.001,0.0,0.01,0.01,256,0.0,0.4,False,0.8397090792655945
SelfGCon,Computers,20,2,0.5,0.001,0.0,0.01,0.0001,256,0.0,0.4,False,0.8743272364139557
SelfGCon,Computers,50,2,0.5,0.001,0.0,0.01,0.0001,256,0.0,0.4,False,0.8796363413333893
SelfGCon,Computers,20,2,0.5,0.001,0.0,0.005,0.01,256,0.0,0.4,False,0.8158545315265655
SelfGCon,Computers,50,2,0.5,0.001,0.0,0.005,0.01,256,0.0,0.4,False,0.847127252817154
SelfGCon,Computers,20,2,0.5,0.001,0.0,0.005,0.0001,256,0.0,0.4,False,0.872654527425766
SelfGCon,Computers,50,2,0.5,0.001,0.0,0.005,0.0001,256,0.0,0.4,False,0.8764363467693329
SelfGCon,Computers,20,2,0.5,0.001,0.0,0.01,0.01,256,0.0,0.5,False,0.8154908895492554
SelfGCon,Computers,50,2,0.5,0.001,0.0,0.01,0.01,256,0.0,0.5,False,0.837236350774765
SelfGCon,Computers,20,2,0.5,0.001,0.0,0.01,0.0001,256,0.0,0.5,False,0.872727245092392
SelfGCon,Computers,50,2,0.5,0.001,0.0,0.01,0.0001,256,0.0,0.5,False,0.8797817945480346
SelfGCon,Computers,20,2,0.5,0.001,0.0,0.005,0.01,256,0.0,0.5,False,0.8150545239448548
SelfGCon,Computers,50,2,0.5,0.001,0.0,0.005,0.01,256,0.0,0.5,False,0.8284363448619843
SelfGCon,Computers,20,2,0.5,0.001,0.0,0.005,0.0001,256,0.0,0.5,False,0.865236347913742
SelfGCon,Computers,50,2,0.5,0.001,0.0,0.005,0.0001,256,0.0,0.5,False,0.8709817886352539
SelfGCon,Computers,20,2,0.5,0.001,0.0,0.01,0.01,256,0.1,0.0,False,0.5922181665897369
SelfGCon,Computers,50,2,0.5,0.001,0.0,0.01,0.01,256,0.1,0.0,False,0.6521454393863678
SelfGCon,Computers,20,2,0.5,0.001,0.0,0.01,0.0001,256,0.1,0.0,False,0.8585454285144806
SelfGCon,Computers,50,2,0.5,0.001,0.0,0.01,0.0001,256,0.1,0.0,False,0.8603636145591735
SelfGCon,Computers,20,2,0.5,0.001,0.0,0.005,0.01,256,0.1,0.0,False,0.6456727087497711
SelfGCon,Computers,50,2,0.5,0.001,0.0,0.005,0.01,256,0.1,0.0,False,0.6416727125644683
SelfGCon,Computers,20,2,0.5,0.001,0.0,0.005,0.0001,256,0.1,0.0,False,0.8581090688705444
SelfGCon,Computers,50,2,0.5,0.001,0.0,0.005,0.0001,256,0.1,0.0,False,0.8631272494792939
SelfGCon,Computers,20,2,0.5,0.001,0.0,0.01,0.01,256,0.1,0.1,False,0.8316363453865051
SelfGCon,Computers,50,2,0.5,0.001,0.0,0.01,0.01,256,0.1,0.1,False,0.8455272436141967
SelfGCon,Computers,20,2,0.5,0.001,0.0,0.01,0.0001,256,0.1,0.1,False,0.8809454202651977
SelfGCon,Computers,50,2,0.5,0.001,0.0,0.01,0.0001,256,0.1,0.1,False,0.8837090611457825
SelfGCon,Computers,20,2,0.5,0.001,0.0,0.005,0.01,256,0.1,0.1,False,0.8316363513469696
SelfGCon,Computers,50,2,0.5,0.001,0.0,0.005,0.01,256,0.1,0.1,False,0.8461090803146363
SelfGCon,Computers,20,2,0.5,0.001,0.0,0.005,0.0001,256,0.1,0.1,False,0.8830545246601105
SelfGCon,Computers,50,2,0.5,0.001,0.0,0.005,0.0001,256,0.1,0.1,False,0.8809454262256622
SelfGCon,Computers,20,2,0.5,0.001,0.0,0.01,0.01,256,0.1,0.2,False,0.8242181539535522
SelfGCon,Computers,50,2,0.5,0.001,0.0,0.01,0.01,256,0.1,0.2,False,0.848363608121872
SelfGCon,Computers,20,2,0.5,0.001,0.0,0.01,0.0001,256,0.1,0.2,False,0.8773090660572052
SelfGCon,Computers,50,2,0.5,0.001,0.0,0.01,0.0001,256,0.1,0.2,False,0.8762908935546875
SelfGCon,Computers,20,2,0.5,0.001,0.0,0.005,0.01,256,0.1,0.2,False,0.825672709941864
SelfGCon,Computers,50,2,0.5,0.001,0.0,0.005,0.01,256,0.1,0.2,False,0.845236349105835
SelfGCon,Computers,20,2,0.5,0.001,0.0,0.005,0.0001,256,0.1,0.2,False,0.8791272461414337
SelfGCon,Computers,50,2,0.5,0.001,0.0,0.005,0.0001,256,0.1,0.2,False,0.883636337518692
SelfGCon,Computers,20,2,0.5,0.001,0.0,0.01,0.01,256,0.1,0.3,False,0.8249454259872436
SelfGCon,Computers,50,2,0.5,0.001,0.0,0.01,0.01,256,0.1,0.3,False,0.8435636162757874
SelfGCon,Computers,20,2,0.5,0.001,0.0,0.01,0.0001,256,0.1,0.3,False,0.8730181694030762
SelfGCon,Computers,50,2,0.5,0.001,0.0,0.01,0.0001,256,0.1,0.3,False,0.8827636063098907
SelfGCon,Computers,20,2,0.5,0.001,0.0,0.005,0.01,256,0.1,0.3,False,0.8169454276561737
SelfGCon,Computers,50,2,0.5,0.001,0.0,0.005,0.01,256,0.1,0.3,False,0.8397090673446655
SelfGCon,Computers,20,2,0.5,0.001,0.0,0.005,0.0001,256,0.1,0.3,False,0.8759999811649323
SelfGCon,Computers,50,2,0.5,0.001,0.0,0.005,0.0001,256,0.1,0.3,False,0.8736726999282837
SelfGCon,Computers,20,2,0.5,0.001,0.0,0.01,0.01,256,0.1,0.4,False,0.8265454411506653
SelfGCon,Computers,50,2,0.5,0.001,0.0,0.01,0.01,256,0.1,0.4,False,0.8464727103710175
SelfGCon,Computers,20,2,0.5,0.001,0.0,0.01,0.0001,256,0.1,0.4,False,0.8743272483348846
SelfGCon,Computers,50,2,0.5,0.001,0.0,0.01,0.0001,256,0.1,0.4,False,0.8777454376220704
SelfGCon,Computers,20,2,0.5,0.001,0.0,0.005,0.01,256,0.1,0.4,False,0.8204363465309144
SelfGCon,Computers,50,2,0.5,0.001,0.0,0.005,0.01,256,0.1,0.4,False,0.8419636070728302
SelfGCon,Computers,20,2,0.5,0.001,0.0,0.005,0.0001,256,0.1,0.4,False,0.8703999757766724
SelfGCon,Computers,50,2,0.5,0.001,0.0,0.005,0.0001,256,0.1,0.4,False,0.8729454398155212
SelfGCon,Computers,20,2,0.5,0.001,0.0,0.01,0.01,256,0.1,0.5,False,0.8247999787330628
SelfGCon,Computers,50,2,0.5,0.001,0.0,0.01,0.01,256,0.1,0.5,False,0.8355636119842529
SelfGCon,Computers,20,2,0.5,0.001,0.0,0.01,0.0001,256,0.1,0.5,False,0.87752725481987
SelfGCon,Computers,50,2,0.5,0.001,0.0,0.01,0.0001,256,0.1,0.5,False,0.8767999708652496
SelfGCon,Computers,20,2,0.5,0.001,0.0,0.005,0.01,256,0.1,0.5,False,0.8177454352378846
SelfGCon,Computers,50,2,0.5,0.001,0.0,0.005,0.01,256,0.1,0.5,False,0.83970907330513
SelfGCon,Computers,20,2,0.5,0.001,0.0,0.005,0.0001,256,0.1,0.5,False,0.8650908827781677
SelfGCon,Computers,50,2,0.5,0.001,0.0,0.005,0.0001,256,0.1,0.5,False,0.8735999882221221
SelfGCon,Computers,20,2,0.5,0.001,0.0,0.01,0.01,256,0.2,0.0,False,0.7221817970275879
SelfGCon,Computers,50,2,0.5,0.001,0.0,0.01,0.01,256,0.2,0.0,False,0.759927260875702
SelfGCon,Computers,20,2,0.5,0.001,0.0,0.01,0.0001,256,0.2,0.0,False,0.8711999714374542
SelfGCon,Computers,50,2,0.5,0.001,0.0,0.01,0.0001,256,0.2,0.0,False,0.8732363402843475
SelfGCon,Computers,20,2,0.5,0.001,0.0,0.005,0.01,256,0.2,0.0,False,0.7140363454818726
SelfGCon,Computers,50,2,0.5,0.001,0.0,0.005,0.01,256,0.2,0.0,False,0.7322181522846222
SelfGCon,Computers,20,2,0.5,0.001,0.0,0.005,0.0001,256,0.2,0.0,False,0.869672691822052
SelfGCon,Computers,50,2,0.5,0.001,0.0,0.005,0.0001,256,0.2,0.0,False,0.8765817999839782
SelfGCon,Computers,20,2,0.5,0.001,0.0,0.01,0.01,256,0.2,0.1,False,0.8391272544860839
SelfGCon,Computers,50,2,0.5,0.001,0.0,0.01,0.01,256,0.2,0.1,False,0.8474908828735351
SelfGCon,Computers,20,2,0.5,0.001,0.0,0.01,0.0001,256,0.2,0.1,False,0.8799272537231445
SelfGCon,Computers,50,2,0.5,0.001,0.0,0.01,0.0001,256,0.2,0.1,False,0.8847999811172486
SelfGCon,Computers,20,2,0.5,0.001,0.0,0.005,0.01,256,0.2,0.1,False,0.8292363405227661
SelfGCon,Computers,50,2,0.5,0.001,0.0,0.005,0.01,256,0.2,0.1,False,0.8441454231739044
SelfGCon,Computers,20,2,0.5,0.001,0.0,0.005,0.0001,256,0.2,0.1,False,0.8798545241355896
SelfGCon,Computers,50,2,0.5,0.001,0.0,0.005,0.0001,256,0.2,0.1,False,0.8789090692996979
SelfGCon,Computers,20,2,0.5,0.001,0.0,0.01,0.01,256,0.2,0.2,False,0.8319272518157959
SelfGCon,Computers,50,2,0.5,0.001,0.0,0.01,0.01,256,0.2,0.2,False,0.8510545134544373
SelfGCon,Computers,20,2,0.5,0.001,0.0,0.01,0.0001,256,0.2,0.2,False,0.87992724776268
SelfGCon,Computers,50,2,0.5,0.001,0.0,0.01,0.0001,256,0.2,0.2,False,0.8805090665817261
SelfGCon,Computers,20,2,0.5,0.001,0.0,0.005,0.01,256,0.2,0.2,False,0.8346908807754516
SelfGCon,Computers,50,2,0.5,0.001,0.0,0.005,0.01,256,0.2,0.2,False,0.8431272447109223
SelfGCon,Computers,20,2,0.5,0.001,0.0,0.005,0.0001,256,0.2,0.2,False,0.8761454284191131
SelfGCon,Computers,50,2,0.5,0.001,0.0,0.005,0.0001,256,0.2,0.2,False,0.8882181525230408
SelfGCon,Computers,20,2,0.5,0.001,0.0,0.01,0.01,256,0.2,0.3,False,0.8253090739250183
SelfGCon,Computers,50,2,0.5,0.001,0.0,0.01,0.01,256,0.2,0.3,False,0.8449454367160797
SelfGCon,Computers,20,2,0.5,0.001,0.0,0.01,0.0001,256,0.2,0.3,False,0.8801454365253448
SelfGCon,Computers,50,2,0.5,0.001,0.0,0.01,0.0001,256,0.2,0.3,False,0.8820363461971283
SelfGCon,Computers,20,2,0.5,0.001,0.0,0.005,0.01,256,0.2,0.3,False,0.8322908878326416
SelfGCon,Computers,50,2,0.5,0.001,0.0,0.005,0.01,256,0.2,0.3,False,0.8439999759197235
SelfGCon,Computers,20,2,0.5,0.001,0.0,0.005,0.0001,256,0.2,0.3,False,0.8826181530952454
SelfGCon,Computers,50,2,0.5,0.001,0.0,0.005,0.0001,256,0.2,0.3,False,0.8842908859252929
SelfGCon,Computers,20,2,0.5,0.001,0.0,0.01,0.01,256,0.2,0.4,False,0.8291636168956756
SelfGCon,Computers,50,2,0.5,0.001,0.0,0.01,0.01,256,0.2,0.4,False,0.8436363458633422
SelfGCon,Computers,20,2,0.5,0.001,0.0,0.01,0.0001,256,0.2,0.4,False,0.8746908843517304
SelfGCon,Computers,50,2,0.5,0.001,0.0,0.01,0.0001,256,0.2,0.4,False,0.8822545230388641
SelfGCon,Computers,20,2,0.5,0.001,0.0,0.005,0.01,256,0.2,0.4,False,0.8162908971309661
SelfGCon,Computers,50,2,0.5,0.001,0.0,0.005,0.01,256,0.2,0.4,False,0.836145430803299
SelfGCon,Computers,20,2,0.5,0.001,0.0,0.005,0.0001,256,0.2,0.4,False,0.8690908849239349
SelfGCon,Computers,50,2,0.5,0.001,0.0,0.005,0.0001,256,0.2,0.4,False,0.8810181617736816
SelfGCon,Computers,20,2,0.5,0.001,0.0,0.01,0.01,256,0.2,0.5,False,0.821454519033432
SelfGCon,Computers,50,2,0.5,0.001,0.0,0.01,0.01,256,0.2,0.5,False,0.8402908980846405
SelfGCon,Computers,20,2,0.5,0.001,0.0,0.01,0.0001,256,0.2,0.5,False,0.8762908816337586
SelfGCon,Computers,50,2,0.5,0.001,0.0,0.01,0.0001,256,0.2,0.5,False,0.8761454343795776
SelfGCon,Computers,20,2,0.5,0.001,0.0,0.005,0.01,256,0.2,0.5,False,0.8164363384246827
SelfGCon,Computers,50,2,0.5,0.001,0.0,0.005,0.01,256,0.2,0.5,False,0.8369454324245453
SelfGCon,Computers,20,2,0.5,0.001,0.0,0.005,0.0001,256,0.2,0.5,False,0.868436336517334
SelfGCon,Computers,50,2,0.5,0.001,0.0,0.005,0.0001,256,0.2,0.5,False,0.8747636139392853
SelfGCon,Computers,20,2,0.5,0.001,0.0,0.01,0.01,256,0.3,0.0,False,0.7559272527694703
SelfGCon,Computers,50,2,0.5,0.001,0.0,0.01,0.01,256,0.3,0.0,False,0.8212363481521606
SelfGCon,Computers,20,2,0.5,0.001,0.0,0.01,0.0001,256,0.3,0.0,False,0.8724363327026368
SelfGCon,Computers,50,2,0.5,0.001,0.0,0.01,0.0001,256,0.3,0.0,False,0.880581796169281
SelfGCon,Computers,20,2,0.5,0.001,0.0,0.005,0.01,256,0.3,0.0,False,0.7498181700706482
SelfGCon,Computers,50,2,0.5,0.001,0.0,0.005,0.01,256,0.3,0.0,False,0.8143272519111633
SelfGCon,Computers,20,2,0.5,0.001,0.0,0.005,0.0001,256,0.3,0.0,False,0.8780363440513611
SelfGCon,Computers,50,2,0.5,0.001,0.0,0.005,0.0001,256,0.3,0.0,False,0.8775999784469605
SelfGCon,Computers,20,2,0.5,0.001,0.0,0.01,0.01,256,0.3,0.1,False,0.8337454259395599
SelfGCon,Computers,50,2,0.5,0.001,0.0,0.01,0.01,256,0.3,0.1,False,0.8465454339981079
SelfGCon,Computers,20,2,0.5,0.001,0.0,0.01,0.0001,256,0.3,0.1,False,0.8798545300960541
SelfGCon,Computers,50,2,0.5,0.001,0.0,0.01,0.0001,256,0.3,0.1,False,0.8826181530952454
SelfGCon,Computers,20,2,0.5,0.001,0.0,0.005,0.01,256,0.3,0.1,False,0.8397090673446655
SelfGCon,Computers,50,2,0.5,0.001,0.0,0.005,0.01,256,0.3,0.1,False,0.8498908817768097
SelfGCon,Computers,20,2,0.5,0.001,0.0,0.005,0.0001,256,0.3,0.1,False,0.8818908870220185
SelfGCon,Computers,50,2,0.5,0.001,0.0,0.005,0.0001,256,0.3,0.1,False,0.8833454310894012
SelfGCon,Computers,20,2,0.5,0.001,0.0,0.01,0.01,256,0.3,0.2,False,0.8280726969242096
SelfGCon,Computers,50,2,0.5,0.001,0.0,0.01,0.01,256,0.3,0.2,False,0.8466908872127533
SelfGCon,Computers,20,2,0.5,0.001,0.0,0.01,0.0001,256,0.3,0.2,False,0.8780363321304321
SelfGCon,Computers,50,2,0.5,0.001,0.0,0.01,0.0001,256,0.3,0.2,False,0.8808727025985718
SelfGCon,Computers,20,2,0.5,0.001,0.0,0.005,0.01,256,0.3,0.2,False,0.8296727061271667
SelfGCon,Computers,50,2,0.5,0.001,0.0,0.005,0.01,256,0.3,0.2,False,0.8443636119365692
SelfGCon,Computers,20,2,0.5,0.001,0.0,0.005,0.0001,256,0.3,0.2,False,0.8778181552886963
SelfGCon,Computers,50,2,0.5,0.001,0.0,0.005,0.0001,256,0.3,0.2,False,0.8809454441070557
SelfGCon,Computers,20,2,0.5,0.001,0.0,0.01,0.01,256,0.3,0.3,False,0.8250908792018891
SelfGCon,Computers,50,2,0.5,0.001,0.0,0.01,0.01,256,0.3,0.3,False,0.8446545243263245
SelfGCon,Computers,20,2,0.5,0.001,0.0,0.01,0.0001,256,0.3,0.3,False,0.8736726999282837
SelfGCon,Computers,50,2,0.5,0.001,0.0,0.01,0.0001,256,0.3,0.3,False,0.883636349439621
SelfGCon,Computers,20,2,0.5,0.001,0.0,0.005,0.01,256,0.3,0.3,False,0.8264726996421814
SelfGCon,Computers,50,2,0.5,0.001,0.0,0.005,0.01,256,0.3,0.3,False,0.8497454345226287
SelfGCon,Computers,20,2,0.5,0.001,0.0,0.005,0.0001,256,0.3,0.3,False,0.8760726988315582
SelfGCon,Computers,50,2,0.5,0.001,0.0,0.005,0.0001,256,0.3,0.3,False,0.8819636106491089
SelfGCon,Computers,20,2,0.5,0.001,0.0,0.01,0.01,256,0.3,0.4,False,0.8178908944129943
SelfGCon,Computers,50,2,0.5,0.001,0.0,0.01,0.01,256,0.3,0.4,False,0.8429090738296509
SelfGCon,Computers,20,2,0.5,0.001,0.0,0.01,0.0001,256,0.3,0.4,False,0.8773090660572052
SelfGCon,Computers,50,2,0.5,0.001,0.0,0.01,0.0001,256,0.3,0.4,False,0.8745454251766205
SelfGCon,Computers,20,2,0.5,0.001,0.0,0.005,0.01,256,0.3,0.4,False,0.8242181599140167
SelfGCon,Computers,50,2,0.5,0.001,0.0,0.005,0.01,256,0.3,0.4,False,0.8440727174282074
SelfGCon,Computers,20,2,0.5,0.001,0.0,0.005,0.0001,256,0.3,0.4,False,0.8727999806404114
SelfGCon,Computers,50,2,0.5,0.001,0.0,0.005,0.0001,256,0.3,0.4,False,0.8767272591590881
SelfGCon,Computers,20,2,0.5,0.001,0.0,0.01,0.01,256,0.3,0.5,False,0.8155636250972748
SelfGCon,Computers,50,2,0.5,0.001,0.0,0.01,0.01,256,0.3,0.5,False,0.8268363356590271
SelfGCon,Computers,20,2,0.5,0.001,0.0,0.01,0.0001,256,0.3,0.5,False,0.8754181623458862
SelfGCon,Computers,50,2,0.5,0.001,0.0,0.01,0.0001,256,0.3,0.5,False,0.8770908832550048
SelfGCon,Computers,20,2,0.5,0.001,0.0,0.005,0.01,256,0.3,0.5,False,0.8189818024635315
SelfGCon,Computers,50,2,0.5,0.001,0.0,0.005,0.01,256,0.3,0.5,False,0.8450181722640991
SelfGCon,Computers,20,2,0.5,0.001,0.0,0.005,0.0001,256,0.3,0.5,False,0.8699636101722718
SelfGCon,Computers,50,2,0.5,0.001,0.0,0.005,0.0001,256,0.3,0.5,False,0.8786181569099426
SelfGCon,Computers,20,2,0.5,0.001,0.0,0.01,0.01,256,0.4,0.0,False,0.7954181551933288
SelfGCon,Computers,50,2,0.5,0.001,0.0,0.01,0.01,256,0.4,0.0,False,0.8491636157035828
SelfGCon,Computers,20,2,0.5,0.001,0.0,0.01,0.0001,256,0.4,0.0,False,0.8784727036952973
SelfGCon,Computers,50,2,0.5,0.001,0.0,0.01,0.0001,256,0.4,0.0,False,0.882909071445465
SelfGCon,Computers,20,2,0.5,0.001,0.0,0.005,0.01,256,0.4,0.0,False,0.7916363418102265
SelfGCon,Computers,50,2,0.5,0.001,0.0,0.005,0.01,256,0.4,0.0,False,0.8386908948421479
SelfGCon,Computers,20,2,0.5,0.001,0.0,0.005,0.0001,256,0.4,0.0,False,0.8774545311927795
SelfGCon,Computers,50,2,0.5,0.001,0.0,0.005,0.0001,256,0.4,0.0,False,0.8833454310894012
SelfGCon,Computers,20,2,0.5,0.001,0.0,0.01,0.01,256,0.4,0.1,False,0.8318545162677765
SelfGCon,Computers,50,2,0.5,0.001,0.0,0.01,0.01,256,0.4,0.1,False,0.8511272430419922
SelfGCon,Computers,20,2,0.5,0.001,0.0,0.01,0.0001,256,0.4,0.1,False,0.8786181509494781
SelfGCon,Computers,50,2,0.5,0.001,0.0,0.01,0.0001,256,0.4,0.1,False,0.8852363348007202
SelfGCon,Computers,20,2,0.5,0.001,0.0,0.005,0.01,256,0.4,0.1,False,0.8359999835491181
SelfGCon,Computers,50,2,0.5,0.001,0.0,0.005,0.01,256,0.4,0.1,False,0.8436363399028778
SelfGCon,Computers,20,2,0.5,0.001,0.0,0.005,0.0001,256,0.4,0.1,False,0.878181791305542
SelfGCon,Computers,50,2,0.5,0.001,0.0,0.005,0.0001,256,0.4,0.1,False,0.8807272553443909
SelfGCon,Computers,20,2,0.5,0.001,0.0,0.01,0.01,256,0.4,0.2,False,0.8254545211791993
SelfGCon,Computers,50,2,0.5,0.001,0.0,0.01,0.01,256,0.4,0.2,False,0.8479272425174713
SelfGCon,Computers,20,2,0.5,0.001,0.0,0.01,0.0001,256,0.4,0.2,False,0.878690880537033
SelfGCon,Computers,50,2,0.5,0.001,0.0,0.01,0.0001,256,0.4,0.2,False,0.8778908908367157
SelfGCon,Computers,20,2,0.5,0.001,0.0,0.005,0.01,256,0.4,0.2,False,0.8327272415161133
SelfGCon,Computers,50,2,0.5,0.001,0.0,0.005,0.01,256,0.4,0.2,False,0.8479272484779358
SelfGCon,Computers,20,2,0.5,0.001,0.0,0.005,0.0001,256,0.4,0.2,False,0.8761454343795776
SelfGCon,Computers,50,2,0.5,0.001,0.0,0.005,0.0001,256,0.4,0.2,False,0.8838545262813569
SelfGCon,Computers,20,2,0.5,0.001,0.0,0.01,0.01,256,0.4,0.3,False,0.8330908834934234
SelfGCon,Computers,50,2,0.5,0.001,0.0,0.01,0.01,256,0.4,0.3,False,0.8435636043548584
SelfGCon,Computers,20,2,0.5,0.001,0.0,0.01,0.0001,256,0.4,0.3,False,0.8800727009773255
SelfGCon,Computers,50,2,0.5,0.001,0.0,0.01,0.0001,256,0.4,0.3,False,0.8790545165538788
SelfGCon,Computers,20,2,0.5,0.001,0.0,0.005,0.01,256,0.4,0.3,False,0.8181817948818206
SelfGCon,Computers,50,2,0.5,0.001,0.0,0.005,0.01,256,0.4,0.3,False,0.8451636135578156
SelfGCon,Computers,20,2,0.5,0.001,0.0,0.005,0.0001,256,0.4,0.3,False,0.8765090644359589
SelfGCon,Computers,50,2,0.5,0.001,0.0,0.005,0.0001,256,0.4,0.3,False,0.8771636188030243
SelfGCon,Computers,20,2,0.5,0.001,0.0,0.01,0.01,256,0.4,0.4,False,0.829890888929367
SelfGCon,Computers,50,2,0.5,0.001,0.0,0.01,0.01,256,0.4,0.4,False,0.8375999748706817
SelfGCon,Computers,20,2,0.5,0.001,0.0,0.01,0.0001,256,0.4,0.4,False,0.8771636188030243
SelfGCon,Computers,50,2,0.5,0.001,0.0,0.01,0.0001,256,0.4,0.4,False,0.8813817918300628
SelfGCon,Computers,20,2,0.5,0.001,0.0,0.005,0.01,256,0.4,0.4,False,0.8223999738693237
SelfGCon,Computers,50,2,0.5,0.001,0.0,0.005,0.01,256,0.4,0.4,False,0.8448727011680603
SelfGCon,Computers,20,2,0.5,0.001,0.0,0.005,0.0001,256,0.4,0.4,False,0.8765818059444428
SelfGCon,Computers,50,2,0.5,0.001,0.0,0.005,0.0001,256,0.4,0.4,False,0.8751272439956665
SelfGCon,Computers,20,2,0.5,0.001,0.0,0.01,0.01,256,0.4,0.5,False,0.8282181620597839
SelfGCon,Computers,50,2,0.5,0.001,0.0,0.01,0.01,256,0.4,0.5,False,0.8413090646266937
SelfGCon,Computers,20,2,0.5,0.001,0.0,0.01,0.0001,256,0.4,0.5,False,0.8732363462448121
SelfGCon,Computers,50,2,0.5,0.001,0.0,0.01,0.0001,256,0.4,0.5,False,0.8736727058887481
SelfGCon,Computers,20,2,0.5,0.001,0.0,0.005,0.01,256,0.4,0.5,False,0.8188363313674927
SelfGCon,Computers,50,2,0.5,0.001,0.0,0.005,0.01,256,0.4,0.5,False,0.8298908948898316
SelfGCon,Computers,20,2,0.5,0.001,0.0,0.005,0.0001,256,0.4,0.5,False,0.870690894126892
SelfGCon,Computers,50,2,0.5,0.001,0.0,0.005,0.0001,256,0.4,0.5,False,0.8797090709209442
SelfGCon,Computers,20,2,0.5,0.001,0.0,0.01,0.01,256,0.5,0.0,False,0.8245090782642365
SelfGCon,Computers,50,2,0.5,0.001,0.0,0.01,0.01,256,0.5,0.0,False,0.8479272484779358
SelfGCon,Computers,20,2,0.5,0.001,0.0,0.01,0.0001,256,0.5,0.0,False,0.8805090665817261
SelfGCon,Computers,50,2,0.5,0.001,0.0,0.01,0.0001,256,0.5,0.0,False,0.8858181536197662
SelfGCon,Computers,20,2,0.5,0.001,0.0,0.005,0.01,256,0.5,0.0,False,0.8160727143287658
SelfGCon,Computers,50,2,0.5,0.001,0.0,0.005,0.01,256,0.5,0.0,False,0.8484363496303559
SelfGCon,Computers,20,2,0.5,0.001,0.0,0.005,0.0001,256,0.5,0.0,False,0.8786908864974976
SelfGCon,Computers,50,2,0.5,0.001,0.0,0.005,0.0001,256,0.5,0.0,False,0.8844363391399384
SelfGCon,Computers,20,2,0.5,0.001,0.0,0.01,0.01,256,0.5,0.1,False,0.8357090651988983
SelfGCon,Computers,50,2,0.5,0.001,0.0,0.01,0.01,256,0.5,0.1,False,0.850036346912384
SelfGCon,Computers,20,2,0.5,0.001,0.0,0.01,0.0001,256,0.5,0.1,False,0.8802181601524353
SelfGCon,Computers,50,2,0.5,0.001,0.0,0.01,0.0001,256,0.5,0.1,False,0.8794908881187439
SelfGCon,Computers,20,2,0.5,0.001,0.0,0.005,0.01,256,0.5,0.1,False,0.8349090695381165
SelfGCon,Computers,50,2,0.5,0.001,0.0,0.005,0.01,256,0.5,0.1,False,0.849527257680893
SelfGCon,Computers,20,2,0.5,0.001,0.0,0.005,0.0001,256,0.5,0.1,False,0.8832727074623108
SelfGCon,Computers,50,2,0.5,0.001,0.0,0.005,0.0001,256,0.5,0.1,False,0.8877817928791046
SelfGCon,Computers,20,2,0.5,0.001,0.0,0.01,0.01,256,0.5,0.2,False,0.8314181566238403
SelfGCon,Computers,50,2,0.5,0.001,0.0,0.01,0.01,256,0.5,0.2,False,0.850690895318985
SelfGCon,Computers,20,2,0.5,0.001,0.0,0.01,0.0001,256,0.5,0.2,False,0.8788363397121429
SelfGCon,Computers,50,2,0.5,0.001,0.0,0.01,0.0001,256,0.5,0.2,False,0.8795636117458343
SelfGCon,Computers,20,2,0.5,0.001,0.0,0.005,0.01,256,0.5,0.2,False,0.8349817991256714
SelfGCon,Computers,50,2,0.5,0.001,0.0,0.005,0.01,256,0.5,0.2,False,0.8466908872127533
SelfGCon,Computers,20,2,0.5,0.001,0.0,0.005,0.0001,256,0.5,0.2,False,0.8776726961135864
SelfGCon,Computers,50,2,0.5,0.001,0.0,0.005,0.0001,256,0.5,0.2,False,0.8831272482872009
SelfGCon,Computers,20,2,0.5,0.001,0.0,0.01,0.01,256,0.5,0.3,False,0.8312727034091949
SelfGCon,Computers,50,2,0.5,0.001,0.0,0.01,0.01,256,0.5,0.3,False,0.8441454350948334
SelfGCon,Computers,20,2,0.5,0.001,0.0,0.01,0.0001,256,0.5,0.3,False,0.8757090628147125
SelfGCon,Computers,50,2,0.5,0.001,0.0,0.01,0.0001,256,0.5,0.3,False,0.8826181590557098
SelfGCon,Computers,20,2,0.5,0.001,0.0,0.005,0.01,256,0.5,0.3,False,0.8271999776363372
SelfGCon,Computers,50,2,0.5,0.001,0.0,0.005,0.01,256,0.5,0.3,False,0.8381090581417083
SelfGCon,Computers,20,2,0.5,0.001,0.0,0.005,0.0001,256,0.5,0.3,False,0.8684363424777984
SelfGCon,Computers,50,2,0.5,0.001,0.0,0.005,0.0001,256,0.5,0.3,False,0.8777454257011413
SelfGCon,Computers,20,2,0.5,0.001,0.0,0.01,0.01,256,0.5,0.4,False,0.8190545320510865
SelfGCon,Computers,50,2,0.5,0.001,0.0,0.01,0.01,256,0.5,0.4,False,0.8430545330047607
SelfGCon,Computers,20,2,0.5,0.001,0.0,0.01,0.0001,256,0.5,0.4,False,0.8761454284191131
SelfGCon,Computers,50,2,0.5,0.001,0.0,0.01,0.0001,256,0.5,0.4,False,0.8842908918857575
SelfGCon,Computers,20,2,0.5,0.001,0.0,0.005,0.01,256,0.5,0.4,False,0.8198545336723327
SelfGCon,Computers,50,2,0.5,0.001,0.0,0.005,0.01,256,0.5,0.4,False,0.8436363518238068
SelfGCon,Computers,20,2,0.5,0.001,0.0,0.005,0.0001,256,0.5,0.4,False,0.8725817978382111
SelfGCon,Computers,50,2,0.5,0.001,0.0,0.005,0.0001,256,0.5,0.4,False,0.8736727058887481
SelfGCon,Computers,20,2,0.5,0.001,0.0,0.01,0.01,256,0.5,0.5,False,0.8228363513946533
SelfGCon,Computers,50,2,0.5,0.001,0.0,0.01,0.01,256,0.5,0.5,False,0.8395636200904846
SelfGCon,Computers,20,2,0.5,0.001,0.0,0.01,0.0001,256,0.5,0.5,False,0.8807272434234619
SelfGCon,Computers,50,2,0.5,0.001,0.0,0.01,0.0001,256,0.5,0.5,False,0.8754908919334412
SelfGCon,Computers,20,2,0.5,0.001,0.0,0.005,0.01,256,0.5,0.5,False,0.8220363438129425
SelfGCon,Computers,50,2,0.5,0.001,0.0,0.005,0.01,256,0.5,0.5,False,0.8400727152824402
SelfGCon,Computers,20,2,0.5,0.001,0.0,0.005,0.0001,256,0.5,0.5,False,0.8713454365730285
SelfGCon,Computers,50,2,0.5,0.001,0.0,0.005,0.0001,256,0.5,0.5,False,0.8738908708095551
SelfGCon,Computers,20,2,0.5,0.001,0.0,0.01,0.01,512,0.0,0.0,False,0.5547636091709137
SelfGCon,Computers,50,2,0.5,0.001,0.0,0.01,0.01,512,0.0,0.0,False,0.5270545214414597
SelfGCon,Computers,20,2,0.5,0.001,0.0,0.01,0.0001,512,0.0,0.0,False,0.8547636151313782
SelfGCon,Computers,50,2,0.5,0.001,0.0,0.01,0.0001,512,0.0,0.0,False,0.8093818008899689
SelfGCon,Computers,20,2,0.5,0.001,0.0,0.005,0.01,512,0.0,0.0,False,0.56014544069767
SelfGCon,Computers,50,2,0.5,0.001,0.0,0.005,0.01,512,0.0,0.0,False,0.45730907917022706
SelfGCon,Computers,20,2,0.5,0.001,0.0,0.005,0.0001,512,0.0,0.0,False,0.853745436668396
SelfGCon,Computers,50,2,0.5,0.001,0.0,0.005,0.0001,512,0.0,0.0,False,0.8172363460063934
SelfGCon,Computers,20,2,0.5,0.001,0.0,0.01,0.01,512,0.0,0.1,False,0.8564363300800324
SelfGCon,Computers,50,2,0.5,0.001,0.0,0.01,0.01,512,0.0,0.1,False,0.8649454236030578
SelfGCon,Computers,20,2,0.5,0.001,0.0,0.01,0.0001,512,0.0,0.1,False,0.881818151473999
SelfGCon,Computers,50,2,0.5,0.001,0.0,0.01,0.0001,512,0.0,0.1,False,0.888509064912796
SelfGCon,Computers,20,2,0.5,0.001,0.0,0.005,0.01,512,0.0,0.1,False,0.856218159198761
SelfGCon,Computers,50,2,0.5,0.001,0.0,0.005,0.01,512,0.0,0.1,False,0.8637817978858948
SelfGCon,Computers,20,2,0.5,0.001,0.0,0.005,0.0001,512,0.0,0.1,False,0.886690890789032
SelfGCon,Computers,50,2,0.5,0.001,0.0,0.005,0.0001,512,0.0,0.1,False,0.887199980020523
SelfGCon,Computers,20,2,0.5,0.001,0.0,0.01,0.01,512,0.0,0.2,False,0.8583272576332093
SelfGCon,Computers,50,2,0.5,0.001,0.0,0.01,0.01,512,0.0,0.2,False,0.8663272500038147
SelfGCon,Computers,20,2,0.5,0.001,0.0,0.01,0.0001,512,0.0,0.2,False,0.8838545203208923
SelfGCon,Computers,50,2,0.5,0.001,0.0,0.01,0.0001,512,0.0,0.2,False,0.8902545213699341
SelfGCon,Computers,20,2,0.5,0.001,0.0,0.005,0.01,512,0.0,0.2,False,0.8489454388618469
SelfGCon,Computers,50,2,0.5,0.001,0.0,0.005,0.01,512,0.0,0.2,False,0.8626181662082673
SelfGCon,Computers,20,2,0.5,0.001,0.0,0.005,0.0001,512,0.0,0.2,False,0.8905454337596893
SelfGCon,Computers,50,2,0.5,0.001,0.0,0.005,0.0001,512,0.0,0.2,False,0.8871272504329681
SelfGCon,Computers,20,2,0.5,0.001,0.0,0.01,0.01,512,0.0,0.3,False,0.8534545063972473
SelfGCon,Computers,50,2,0.5,0.001,0.0,0.01,0.01,512,0.0,0.3,False,0.8608726918697357
SelfGCon,Computers,20,2,0.5,0.001,0.0,0.01,0.0001,512,0.0,0.3,False,0.8855999708175659
SelfGCon,Computers,50,2,0.5,0.001,0.0,0.01,0.0001,512,0.0,0.3,False,0.8878545165061951
SelfGCon,Computers,20,2,0.5,0.001,0.0,0.005,0.01,512,0.0,0.3,False,0.8471272468566895
SelfGCon,Computers,50,2,0.5,0.001,0.0,0.005,0.01,512,0.0,0.3,False,0.8613090634346008
SelfGCon,Computers,20,2,0.5,0.001,0.0,0.005,0.0001,512,0.0,0.3,False,0.8882908880710602
SelfGCon,Computers,50,2,0.5,0.001,0.0,0.005,0.0001,512,0.0,0.3,False,0.8877090573310852
SelfGCon,Computers,20,2,0.5,0.001,0.0,0.01,0.01,512,0.0,0.4,False,0.8507636189460754
SelfGCon,Computers,50,2,0.5,0.001,0.0,0.01,0.01,512,0.0,0.4,False,0.8562181651592254
SelfGCon,Computers,20,2,0.5,0.001,0.0,0.01,0.0001,512,0.0,0.4,False,0.8870545148849487
SelfGCon,Computers,50,2,0.5,0.001,0.0,0.01,0.0001,512,0.0,0.4,False,0.886036342382431
SelfGCon,Computers,20,2,0.5,0.001,0.0,0.005,0.01,512,0.0,0.4,False,0.8520727097988129
SelfGCon,Computers,50,2,0.5,0.001,0.0,0.005,0.01,512,0.0,0.4,False,0.8509818077087402
SelfGCon,Computers,20,2,0.5,0.001,0.0,0.005,0.0001,512,0.0,0.4,False,0.8846545159816742
SelfGCon,Computers,50,2,0.5,0.001,0.0,0.005,0.0001,512,0.0,0.4,False,0.8855272531509399
SelfGCon,Computers,20,2,0.5,0.001,0.0,0.01,0.01,512,0.0,0.5,False,0.8499636113643646
SelfGCon,Computers,50,2,0.5,0.001,0.0,0.01,0.01,512,0.0,0.5,False,0.8522181570529938
SelfGCon,Computers,20,2,0.5,0.001,0.0,0.01,0.0001,512,0.0,0.5,False,0.8824727058410644
SelfGCon,Computers,50,2,0.5,0.001,0.0,0.01,0.0001,512,0.0,0.5,False,0.8885818004608155
SelfGCon,Computers,20,2,0.5,0.001,0.0,0.005,0.01,512,0.0,0.5,False,0.8477817952632904
SelfGCon,Computers,50,2,0.5,0.001,0.0,0.005,0.01,512,0.0,0.5,False,0.854981791973114
SelfGCon,Computers,20,2,0.5,0.001,0.0,0.005,0.0001,512,0.0,0.5,False,0.8803636014461518
SelfGCon,Computers,50,2,0.5,0.001,0.0,0.005,0.0001,512,0.0,0.5,False,0.8826908886432647
SelfGCon,Computers,20,2,0.5,0.001,0.0,0.01,0.01,512,0.1,0.0,False,0.6205090761184693
SelfGCon,Computers,50,2,0.5,0.001,0.0,0.01,0.01,512,0.1,0.0,False,0.7006545245647431
SelfGCon,Computers,20,2,0.5,0.001,0.0,0.01,0.0001,512,0.1,0.0,False,0.8682908892631531
SelfGCon,Computers,50,2,0.5,0.001,0.0,0.01,0.0001,512,0.1,0.0,False,0.8738181471824646
SelfGCon,Computers,20,2,0.5,0.001,0.0,0.005,0.01,512,0.1,0.0,False,0.6053817987442016
SelfGCon,Computers,50,2,0.5,0.001,0.0,0.005,0.01,512,0.1,0.0,False,0.6882908999919891
SelfGCon,Computers,20,2,0.5,0.001,0.0,0.005,0.0001,512,0.1,0.0,False,0.8715636074543
SelfGCon,Computers,50,2,0.5,0.001,0.0,0.005,0.0001,512,0.1,0.0,False,0.8778908908367157
SelfGCon,Computers,20,2,0.5,0.001,0.0,0.01,0.01,512,0.1,0.1,False,0.8525090634822845
SelfGCon,Computers,50,2,0.5,0.001,0.0,0.01,0.01,512,0.1,0.1,False,0.8702545166015625
SelfGCon,Computers,20,2,0.5,0.001,0.0,0.01,0.0001,512,0.1,0.1,False,0.8845817923545838
SelfGCon,Computers,50,2,0.5,0.001,0.0,0.01,0.0001,512,0.1,0.1,False,0.8937454342842102
SelfGCon,Computers,20,2,0.5,0.001,0.0,0.005,0.01,512,0.1,0.1,False,0.8530181646347046
SelfGCon,Computers,50,2,0.5,0.001,0.0,0.005,0.01,512,0.1,0.1,False,0.8612363457679748
SelfGCon,Computers,20,2,0.5,0.001,0.0,0.005,0.0001,512,0.1,0.1,False,0.8844363391399384
SelfGCon,Computers,50,2,0.5,0.001,0.0,0.005,0.0001,512,0.1,0.1,False,0.8885817945003509
SelfGCon,Computers,20,2,0.5,0.001,0.0,0.01,0.01,512,0.1,0.2,False,0.8626908838748932
SelfGCon,Computers,50,2,0.5,0.001,0.0,0.01,0.01,512,0.1,0.2,False,0.863490891456604
SelfGCon,Computers,20,2,0.5,0.001,0.0,0.01,0.0001,512,0.1,0.2,False,0.8920727014541626
SelfGCon,Computers,50,2,0.5,0.001,0.0,0.01,0.0001,512,0.1,0.2,False,0.889163613319397
SelfGCon,Computers,20,2,0.5,0.001,0.0,0.005,0.01,512,0.1,0.2,False,0.848363608121872
SelfGCon,Computers,50,2,0.5,0.001,0.0,0.005,0.01,512,0.1,0.2,False,0.8613090753555298
SelfGCon,Computers,20,2,0.5,0.001,0.0,0.005,0.0001,512,0.1,0.2,False,0.8906181633472443
SelfGCon,Computers,50,2,0.5,0.001,0.0,0.005,0.0001,512,0.1,0.2,False,0.8887272536754608
SelfGCon,Computers,20,2,0.5,0.001,0.0,0.01,0.01,512,0.1,0.3,False,0.8533090770244598
SelfGCon,Computers,50,2,0.5,0.001,0.0,0.01,0.01,512,0.1,0.3,False,0.8571636140346527
SelfGCon,Computers,20,2,0.5,0.001,0.0,0.01,0.0001,512,0.1,0.3,False,0.8886545300483704
SelfGCon,Computers,50,2,0.5,0.001,0.0,0.01,0.0001,512,0.1,0.3,False,0.8933090686798095
SelfGCon,Computers,20,2,0.5,0.001,0.0,0.005,0.01,512,0.1,0.3,False,0.854909074306488
SelfGCon,Computers,50,2,0.5,0.001,0.0,0.005,0.01,512,0.1,0.3,False,0.8606545209884644
SelfGCon,Computers,20,2,0.5,0.001,0.0,0.005,0.0001,512,0.1,0.3,False,0.8853817939758301
SelfGCon,Computers,50,2,0.5,0.001,0.0,0.005,0.0001,512,0.1,0.3,False,0.8875636100769043
SelfGCon,Computers,20,2,0.5,0.001,0.0,0.01,0.01,512,0.1,0.4,False,0.8431999683380127
SelfGCon,Computers,50,2,0.5,0.001,0.0,0.01,0.01,512,0.1,0.4,False,0.854981791973114
SelfGCon,Computers,20,2,0.5,0.001,0.0,0.01,0.0001,512,0.1,0.4,False,0.8880727052688598
SelfGCon,Computers,50,2,0.5,0.001,0.0,0.01,0.0001,512,0.1,0.4,False,0.8893817961215973
SelfGCon,Computers,20,2,0.5,0.001,0.0,0.005,0.01,512,0.1,0.4,False,0.8434908747673034
SelfGCon,Computers,50,2,0.5,0.001,0.0,0.005,0.01,512,0.1,0.4,False,0.8517090678215027
SelfGCon,Computers,20,2,0.5,0.001,0.0,0.005,0.0001,512,0.1,0.4,False,0.886109071969986
SelfGCon,Computers,50,2,0.5,0.001,0.0,0.005,0.0001,512,0.1,0.4,False,0.8838545203208923
SelfGCon,Computers,20,2,0.5,0.001,0.0,0.01,0.01,512,0.1,0.5,False,0.8459636092185974
SelfGCon,Computers,50,2,0.5,0.001,0.0,0.01,0.01,512,0.1,0.5,False,0.8565817952156067
SelfGCon,Computers,20,2,0.5,0.001,0.0,0.01,0.0001,512,0.1,0.5,False,0.8829817950725556
SelfGCon,Computers,50,2,0.5,0.001,0.0,0.01,0.0001,512,0.1,0.5,False,0.8879999697208405
SelfGCon,Computers,20,2,0.5,0.001,0.0,0.005,0.01,512,0.1,0.5,False,0.8425454318523407
SelfGCon,Computers,50,2,0.5,0.001,0.0,0.005,0.01,512,0.1,0.5,False,0.8519999742507934
SelfGCon,Computers,20,2,0.5,0.001,0.0,0.005,0.0001,512,0.1,0.5,False,0.8766545116901397
SelfGCon,Computers,50,2,0.5,0.001,0.0,0.005,0.0001,512,0.1,0.5,False,0.8871999680995941
SelfGCon,Computers,20,2,0.5,0.001,0.0,0.01,0.01,512,0.2,0.0,False,0.755563622713089
SelfGCon,Computers,50,2,0.5,0.001,0.0,0.01,0.01,512,0.2,0.0,False,0.8016727030277252
SelfGCon,Computers,20,2,0.5,0.001,0.0,0.01,0.0001,512,0.2,0.0,False,0.8820363402366638
SelfGCon,Computers,50,2,0.5,0.001,0.0,0.01,0.0001,512,0.2,0.0,False,0.8869817972183227
SelfGCon,Computers,20,2,0.5,0.001,0.0,0.005,0.01,512,0.2,0.0,False,0.7317817986011506
SelfGCon,Computers,50,2,0.5,0.001,0.0,0.005,0.01,512,0.2,0.0,False,0.8090181589126587
SelfGCon,Computers,20,2,0.5,0.001,0.0,0.005,0.0001,512,0.2,0.0,False,0.8806545197963714
SelfGCon,Computers,50,2,0.5,0.001,0.0,0.005,0.0001,512,0.2,0.0,False,0.8880727052688598
SelfGCon,Computers,20,2,0.5,0.001,0.0,0.01,0.01,512,0.2,0.1,False,0.8546181738376617
SelfGCon,Computers,50,2,0.5,0.001,0.0,0.01,0.01,512,0.2,0.1,False,0.8685817956924439
SelfGCon,Computers,20,2,0.5,0.001,0.0,0.01,0.0001,512,0.2,0.1,False,0.8910545170307159
SelfGCon,Computers,50,2,0.5,0.001,0.0,0.01,0.0001,512,0.2,0.1,False,0.892145425081253
SelfGCon,Computers,20,2,0.5,0.001,0.0,0.005,0.01,512,0.2,0.1,False,0.8574545204639434
SelfGCon,Computers,50,2,0.5,0.001,0.0,0.005,0.01,512,0.2,0.1,False,0.8632726967334747
SelfGCon,Computers,20,2,0.5,0.001,0.0,0.005,0.0001,512,0.2,0.1,False,0.8877817928791046
SelfGCon,Computers,50,2,0.5,0.001,0.0,0.005,0.0001,512,0.2,0.1,False,0.8935999810695648
SelfGCon,Computers,20,2,0.5,0.001,0.0,0.01,0.01,512,0.2,0.2,False,0.8521454334259033
SelfGCon,Computers,50,2,0.5,0.001,0.0,0.01,0.01,512,0.2,0.2,False,0.8597090721130372
SelfGCon,Computers,20,2,0.5,0.001,0.0,0.01,0.0001,512,0.2,0.2,False,0.8906908810138703
SelfGCon,Computers,50,2,0.5,0.001,0.0,0.01,0.0001,512,0.2,0.2,False,0.8893817842006684
SelfGCon,Computers,20,2,0.5,0.001,0.0,0.005,0.01,512,0.2,0.2,False,0.8522908926010132
SelfGCon,Computers,50,2,0.5,0.001,0.0,0.005,0.01,512,0.2,0.2,False,0.8597090721130372
SelfGCon,Computers,20,2,0.5,0.001,0.0,0.005,0.0001,512,0.2,0.2,False,0.886181789636612
SelfGCon,Computers,50,2,0.5,0.001,0.0,0.005,0.0001,512,0.2,0.2,False,0.8877817869186402
SelfGCon,Computers,20,2,0.5,0.001,0.0,0.01,0.01,512,0.2,0.3,False,0.8463272452354431
SelfGCon,Computers,50,2,0.5,0.001,0.0,0.01,0.01,512,0.2,0.3,False,0.8621818006038666
SelfGCon,Computers,20,2,0.5,0.001,0.0,0.01,0.0001,512,0.2,0.3,False,0.8858181536197662
SelfGCon,Computers,50,2,0.5,0.001,0.0,0.01,0.0001,512,0.2,0.3,False,0.889163613319397
SelfGCon,Computers,20,2,0.5,0.001,0.0,0.005,0.01,512,0.2,0.3,False,0.8506908893585206
SelfGCon,Computers,50,2,0.5,0.001,0.0,0.005,0.01,512,0.2,0.3,False,0.8601454377174378
SelfGCon,Computers,20,2,0.5,0.001,0.0,0.005,0.0001,512,0.2,0.3,False,0.8819636166095733
SelfGCon,Computers,50,2,0.5,0.001,0.0,0.005,0.0001,512,0.2,0.3,False,0.8862545251846313
SelfGCon,Computers,20,2,0.5,0.001,0.0,0.01,0.01,512,0.2,0.4,False,0.8523636221885681
SelfGCon,Computers,50,2,0.5,0.001,0.0,0.01,0.01,512,0.2,0.4,False,0.860509067773819
SelfGCon,Computers,20,2,0.5,0.001,0.0,0.01,0.0001,512,0.2,0.4,False,0.8853817999362945
SelfGCon,Computers,50,2,0.5,0.001,0.0,0.01,0.0001,512,0.2,0.4,False,0.8883636176586152
SelfGCon,Computers,20,2,0.5,0.001,0.0,0.005,0.01,512,0.2,0.4,False,0.8520726978778839
SelfGCon,Computers,50,2,0.5,0.001,0.0,0.005,0.01,512,0.2,0.4,False,0.861090886592865
SelfGCon,Computers,20,2,0.5,0.001,0.0,0.005,0.0001,512,0.2,0.4,False,0.8847999691963195
SelfGCon,Computers,50,2,0.5,0.001,0.0,0.005,0.0001,512,0.2,0.4,False,0.8882908880710602
SelfGCon,Computers,20,2,0.5,0.001,0.0,0.01,0.01,512,0.2,0.5,False,0.8545454323291779
SelfGCon,Computers,50,2,0.5,0.001,0.0,0.01,0.01,512,0.2,0.5,False,0.8595636188983917
SelfGCon,Computers,20,2,0.5,0.001,0.0,0.01,0.0001,512,0.2,0.5,False,0.8827636122703553
SelfGCon,Computers,50,2,0.5,0.001,0.0,0.01,0.0001,512,0.2,0.5,False,0.8881454288959503
SelfGCon,Computers,20,2,0.5,0.001,0.0,0.005,0.01,512,0.2,0.5,False,0.8404363393783569
SelfGCon,Computers,50,2,0.5,0.001,0.0,0.005,0.01,512,0.2,0.5,False,0.8525817930698395
SelfGCon,Computers,20,2,0.5,0.001,0.0,0.005,0.0001,512,0.2,0.5,False,0.874472713470459
SelfGCon,Computers,50,2,0.5,0.001,0.0,0.005,0.0001,512,0.2,0.5,False,0.8845090746879578
SelfGCon,Computers,20,2,0.5,0.001,0.0,0.01,0.01,512,0.3,0.0,False,0.8028363406658172
SelfGCon,Computers,50,2,0.5,0.001,0.0,0.01,0.01,512,0.3,0.0,False,0.8482181668281555
SelfGCon,Computers,20,2,0.5,0.001,0.0,0.01,0.0001,512,0.3,0.0,False,0.8845817923545838
SelfGCon,Computers,50,2,0.5,0.001,0.0,0.01,0.0001,512,0.3,0.0,False,0.8906181573867797
SelfGCon,Computers,20,2,0.5,0.001,0.0,0.005,0.01,512,0.3,0.0,False,0.7895999848842621
SelfGCon,Computers,50,2,0.5,0.001,0.0,0.005,0.01,512,0.3,0.0,False,0.844509071111679
SelfGCon,Computers,20,2,0.5,0.001,0.0,0.005,0.0001,512,0.3,0.0,False,0.8884363353252411
SelfGCon,Computers,50,2,0.5,0.001,0.0,0.005,0.0001,512,0.3,0.0,False,0.8936727046966553
SelfGCon,Computers,20,2,0.5,0.001,0.0,0.01,0.01,512,0.3,0.1,False,0.8536727011203766
SelfGCon,Computers,50,2,0.5,0.001,0.0,0.01,0.01,512,0.3,0.1,False,0.8677090644836426
SelfGCon,Computers,20,2,0.5,0.001,0.0,0.01,0.0001,512,0.3,0.1,False,0.8890908777713775
SelfGCon,Computers,50,2,0.5,0.001,0.0,0.01,0.0001,512,0.3,0.1,False,0.8949090719223023
SelfGCon,Computers,20,2,0.5,0.001,0.0,0.005,0.01,512,0.3,0.1,False,0.8556363403797149
SelfGCon,Computers,50,2,0.5,0.001,0.0,0.005,0.01,512,0.3,0.1,False,0.8645090758800507
SelfGCon,Computers,20,2,0.5,0.001,0.0,0.005,0.0001,512,0.3,0.1,False,0.883563619852066
SelfGCon,Computers,50,2,0.5,0.001,0.0,0.005,0.0001,512,0.3,0.1,False,0.8887999713420868
SelfGCon,Computers,20,2,0.5,0.001,0.0,0.01,0.01,512,0.3,0.2,False,0.8564363360404968
SelfGCon,Computers,50,2,0.5,0.001,0.0,0.01,0.01,512,0.3,0.2,False,0.862981790304184
SelfGCon,Computers,20,2,0.5,0.001,0.0,0.01,0.0001,512,0.3,0.2,False,0.8858181655406951
SelfGCon,Computers,50,2,0.5,0.001,0.0,0.01,0.0001,512,0.3,0.2,False,0.8838545203208923
SelfGCon,Computers,20,2,0.5,0.001,0.0,0.005,0.01,512,0.3,0.2,False,0.8577454328536988
SelfGCon,Computers,50,2,0.5,0.001,0.0,0.005,0.01,512,0.3,0.2,False,0.8614545285701751
SelfGCon,Computers,20,2,0.5,0.001,0.0,0.005,0.0001,512,0.3,0.2,False,0.8859636008739471
SelfGCon,Computers,50,2,0.5,0.001,0.0,0.005,0.0001,512,0.3,0.2,False,0.8879999816417694
SelfGCon,Computers,20,2,0.5,0.001,0.0,0.01,0.01,512,0.3,0.3,False,0.8530181527137757
SelfGCon,Computers,50,2,0.5,0.001,0.0,0.01,0.01,512,0.3,0.3,False,0.8583999872207642
SelfGCon,Computers,20,2,0.5,0.001,0.0,0.01,0.0001,512,0.3,0.3,False,0.8929454267024994
SelfGCon,Computers,50,2,0.5,0.001,0.0,0.01,0.0001,512,0.3,0.3,False,0.8929454386234283
SelfGCon,Computers,20,2,0.5,0.001,0.0,0.005,0.01,512,0.3,0.3,False,0.8498908877372742
SelfGCon,Computers,50,2,0.5,0.001,0.0,0.005,0.01,512,0.3,0.3,False,0.8599999845027924
SelfGCon,Computers,20,2,0.5,0.001,0.0,0.005,0.0001,512,0.3,0.3,False,0.8837090730667114
SelfGCon,Computers,50,2,0.5,0.001,0.0,0.005,0.0001,512,0.3,0.3,False,0.8899636149406434
SelfGCon,Computers,20,2,0.5,0.001,0.0,0.01,0.01,512,0.3,0.4,False,0.8449454367160797
SelfGCon,Computers,50,2,0.5,0.001,0.0,0.01,0.01,512,0.3,0.4,False,0.8565090775489808
SelfGCon,Computers,20,2,0.5,0.001,0.0,0.01,0.0001,512,0.3,0.4,False,0.8887999773025512
SelfGCon,Computers,50,2,0.5,0.001,0.0,0.01,0.0001,512,0.3,0.4,False,0.8906181573867797
SelfGCon,Computers,20,2,0.5,0.001,0.0,0.005,0.01,512,0.3,0.4,False,0.8533817946910858
SelfGCon,Computers,50,2,0.5,0.001,0.0,0.005,0.01,512,0.3,0.4,False,0.8560727059841156
SelfGCon,Computers,20,2,0.5,0.001,0.0,0.005,0.0001,512,0.3,0.4,False,0.882399982213974
SelfGCon,Computers,50,2,0.5,0.001,0.0,0.005,0.0001,512,0.3,0.4,False,0.8931636154651642
SelfGCon,Computers,20,2,0.5,0.001,0.0,0.01,0.01,512,0.3,0.5,False,0.8469817996025085
SelfGCon,Computers,50,2,0.5,0.001,0.0,0.01,0.01,512,0.3,0.5,False,0.8594181597232818
SelfGCon,Computers,20,2,0.5,0.001,0.0,0.01,0.0001,512,0.3,0.5,False,0.8845090806484223
SelfGCon,Computers,50,2,0.5,0.001,0.0,0.01,0.0001,512,0.3,0.5,False,0.8832727015018463
SelfGCon,Computers,20,2,0.5,0.001,0.0,0.005,0.01,512,0.3,0.5,False,0.8498181521892547
SelfGCon,Computers,50,2,0.5,0.001,0.0,0.005,0.01,512,0.3,0.5,False,0.8559999704360962
SelfGCon,Computers,20,2,0.5,0.001,0.0,0.005,0.0001,512,0.3,0.5,False,0.8858908951282501
SelfGCon,Computers,50,2,0.5,0.001,0.0,0.005,0.0001,512,0.3,0.5,False,0.8826181590557098
SelfGCon,Computers,20,2,0.5,0.001,0.0,0.01,0.01,512,0.4,0.0,False,0.8286545157432557
SelfGCon,Computers,50,2,0.5,0.001,0.0,0.01,0.01,512,0.4,0.0,False,0.8642908871173859
SelfGCon,Computers,20,2,0.5,0.001,0.0,0.01,0.0001,512,0.4,0.0,False,0.8853817939758301
SelfGCon,Computers,50,2,0.5,0.001,0.0,0.01,0.0001,512,0.4,0.0,False,0.8902545213699341
SelfGCon,Computers,20,2,0.5,0.001,0.0,0.005,0.01,512,0.4,0.0,False,0.8295999765396118
SelfGCon,Computers,50,2,0.5,0.001,0.0,0.005,0.01,512,0.4,0.0,False,0.8632727026939392
SelfGCon,Computers,20,2,0.5,0.001,0.0,0.005,0.0001,512,0.4,0.0,False,0.8868363320827484
SelfGCon,Computers,50,2,0.5,0.001,0.0,0.005,0.0001,512,0.4,0.0,False,0.8941090703010559
SelfGCon,Computers,20,2,0.5,0.001,0.0,0.01,0.01,512,0.4,0.1,False,0.8587636232376099
SelfGCon,Computers,50,2,0.5,0.001,0.0,0.01,0.01,512,0.4,0.1,False,0.8619636118412017
SelfGCon,Computers,20,2,0.5,0.001,0.0,0.01,0.0001,512,0.4,0.1,False,0.8881454229354858
SelfGCon,Computers,50,2,0.5,0.001,0.0,0.01,0.0001,512,0.4,0.1,False,0.8911272466182709
SelfGCon,Computers,20,2,0.5,0.001,0.0,0.005,0.01,512,0.4,0.1,False,0.8585454285144806
SelfGCon,Computers,50,2,0.5,0.001,0.0,0.005,0.01,512,0.4,0.1,False,0.8682181656360626
SelfGCon,Computers,20,2,0.5,0.001,0.0,0.005,0.0001,512,0.4,0.1,False,0.8868363380432129
SelfGCon,Computers,50,2,0.5,0.001,0.0,0.005,0.0001,512,0.4,0.1,False,0.8873454332351685
SelfGCon,Computers,20,2,0.5,0.001,0.0,0.01,0.01,512,0.4,0.2,False,0.853090888261795
SelfGCon,Computers,50,2,0.5,0.001,0.0,0.01,0.01,512,0.4,0.2,False,0.8625454366207123
SelfGCon,Computers,20,2,0.5,0.001,0.0,0.01,0.0001,512,0.4,0.2,False,0.8866181671619415
SelfGCon,Computers,50,2,0.5,0.001,0.0,0.01,0.0001,512,0.4,0.2,False,0.8892363429069519
SelfGCon,Computers,20,2,0.5,0.001,0.0,0.005,0.01,512,0.4,0.2,False,0.8475636184215546
SelfGCon,Computers,50,2,0.5,0.001,0.0,0.005,0.01,512,0.4,0.2,False,0.8602181613445282
SelfGCon,Computers,20,2,0.5,0.001,0.0,0.005,0.0001,512,0.4,0.2,False,0.8903999745845794
SelfGCon,Computers,50,2,0.5,0.001,0.0,0.005,0.0001,512,0.4,0.2,False,0.8845817923545838
SelfGCon,Computers,20,2,0.5,0.001,0.0,0.01,0.01,512,0.4,0.3,False,0.8554908871650696
SelfGCon,Computers,50,2,0.5,0.001,0.0,0.01,0.01,512,0.4,0.3,False,0.856799978017807
SelfGCon,Computers,20,2,0.5,0.001,0.0,0.01,0.0001,512,0.4,0.3,False,0.8877817928791046
SelfGCon,Computers,50,2,0.5,0.001,0.0,0.01,0.0001,512,0.4,0.3,False,0.8894545257091522
SelfGCon,Computers,20,2,0.5,0.001,0.0,0.005,0.01,512,0.4,0.3,False,0.8493090748786927
SelfGCon,Computers,50,2,0.5,0.001,0.0,0.005,0.01,512,0.4,0.3,False,0.8626908838748932
SelfGCon,Computers,20,2,0.5,0.001,0.0,0.005,0.0001,512,0.4,0.3,False,0.8842908799648285
SelfGCon,Computers,50,2,0.5,0.001,0.0,0.005,0.0001,512,0.4,0.3,False,0.8877817988395691
SelfGCon,Computers,20,2,0.5,0.001,0.0,0.01,0.01,512,0.4,0.4,False,0.8543272376060486
SelfGCon,Computers,50,2,0.5,0.001,0.0,0.01,0.01,512,0.4,0.4,False,0.8624727129936218
SelfGCon,Computers,20,2,0.5,0.001,0.0,0.01,0.0001,512,0.4,0.4,False,0.8895272493362427
SelfGCon,Computers,50,2,0.5,0.001,0.0,0.01,0.0001,512,0.4,0.4,False,0.8913454174995422
SelfGCon,Computers,20,2,0.5,0.001,0.0,0.005,0.01,512,0.4,0.4,False,0.8479272603988648
SelfGCon,Computers,50,2,0.5,0.001,0.0,0.005,0.01,512,0.4,0.4,False,0.8589817881584167
SelfGCon,Computers,20,2,0.5,0.001,0.0,0.005,0.0001,512,0.4,0.4,False,0.8825454413890839
SelfGCon,Computers,50,2,0.5,0.001,0.0,0.005,0.0001,512,0.4,0.4,False,0.8884363412857056
SelfGCon,Computers,20,2,0.5,0.001,0.0,0.01,0.01,512,0.4,0.5,False,0.8493817985057831
SelfGCon,Computers,50,2,0.5,0.001,0.0,0.01,0.01,512,0.4,0.5,False,0.8597090661525726
SelfGCon,Computers,20,2,0.5,0.001,0.0,0.01,0.0001,512,0.4,0.5,False,0.8828363418579102
SelfGCon,Computers,50,2,0.5,0.001,0.0,0.01,0.0001,512,0.4,0.5,False,0.8831272542476654
SelfGCon,Computers,20,2,0.5,0.001,0.0,0.005,0.01,512,0.4,0.5,False,0.8460363328456879
SelfGCon,Computers,50,2,0.5,0.001,0.0,0.005,0.01,512,0.4,0.5,False,0.8557090759277344
SelfGCon,Computers,20,2,0.5,0.001,0.0,0.005,0.0001,512,0.4,0.5,False,0.8860363483428955
SelfGCon,Computers,50,2,0.5,0.001,0.0,0.005,0.0001,512,0.4,0.5,False,0.8853817880153656
SelfGCon,Computers,20,2,0.5,0.001,0.0,0.01,0.01,512,0.5,0.0,False,0.8505454361438751
SelfGCon,Computers,50,2,0.5,0.001,0.0,0.01,0.01,512,0.5,0.0,False,0.8697454333305359
SelfGCon,Computers,20,2,0.5,0.001,0.0,0.01,0.0001,512,0.5,0.0,False,0.8864727199077607
SelfGCon,Computers,50,2,0.5,0.001,0.0,0.01,0.0001,512,0.5,0.0,False,0.8952727019786835
SelfGCon,Computers,20,2,0.5,0.001,0.0,0.005,0.01,512,0.5,0.0,False,0.8400726974010467
SelfGCon,Computers,50,2,0.5,0.001,0.0,0.005,0.01,512,0.5,0.0,False,0.8706181585788727
SelfGCon,Computers,20,2,0.5,0.001,0.0,0.005,0.0001,512,0.5,0.0,False,0.8866908729076386
SelfGCon,Computers,50,2,0.5,0.001,0.0,0.005,0.0001,512,0.5,0.0,False,0.8912727117538453
SelfGCon,Computers,20,2,0.5,0.001,0.0,0.01,0.01,512,0.5,0.1,False,0.8490181565284729
SelfGCon,Computers,50,2,0.5,0.001,0.0,0.01,0.01,512,0.5,0.1,False,0.8612363517284394
SelfGCon,Computers,20,2,0.5,0.001,0.0,0.01,0.0001,512,0.5,0.1,False,0.8860363364219666
SelfGCon,Computers,50,2,0.5,0.001,0.0,0.01,0.0001,512,0.5,0.1,False,0.8909818053245544
SelfGCon,Computers,20,2,0.5,0.001,0.0,0.005,0.01,512,0.5,0.1,False,0.8557090759277344
SelfGCon,Computers,50,2,0.5,0.001,0.0,0.005,0.01,512,0.5,0.1,False,0.8724363267421722
SelfGCon,Computers,20,2,0.5,0.001,0.0,0.005,0.0001,512,0.5,0.1,False,0.8920727014541626
SelfGCon,Computers,50,2,0.5,0.001,0.0,0.005,0.0001,512,0.5,0.1,False,0.8891636192798614
SelfGCon,Computers,20,2,0.5,0.001,0.0,0.01,0.01,512,0.5,0.2,False,0.8581817924976349
SelfGCon,Computers,50,2,0.5,0.001,0.0,0.01,0.01,512,0.5,0.2,False,0.8656727075576782
SelfGCon,Computers,20,2,0.5,0.001,0.0,0.01,0.0001,512,0.5,0.2,False,0.8865454256534576
SelfGCon,Computers,50,2,0.5,0.001,0.0,0.01,0.0001,512,0.5,0.2,False,0.8876363396644592
SelfGCon,Computers,20,2,0.5,0.001,0.0,0.005,0.01,512,0.5,0.2,False,0.8565090775489808
SelfGCon,Computers,50,2,0.5,0.001,0.0,0.005,0.01,512,0.5,0.2,False,0.8628363370895386
SelfGCon,Computers,20,2,0.5,0.001,0.0,0.005,0.0001,512,0.5,0.2,False,0.8866908848285675
SelfGCon,Computers,50,2,0.5,0.001,0.0,0.005,0.0001,512,0.5,0.2,False,0.8845817983150482
SelfGCon,Computers,20,2,0.5,0.001,0.0,0.01,0.01,512,0.5,0.3,False,0.853163605928421
SelfGCon,Computers,50,2,0.5,0.001,0.0,0.01,0.01,512,0.5,0.3,False,0.8608727097511292
SelfGCon,Computers,20,2,0.5,0.001,0.0,0.01,0.0001,512,0.5,0.3,False,0.8926545262336731
SelfGCon,Computers,50,2,0.5,0.001,0.0,0.01,0.0001,512,0.5,0.3,False,0.8893817842006684
SelfGCon,Computers,20,2,0.5,0.001,0.0,0.005,0.01,512,0.5,0.3,False,0.8530181586742401
SelfGCon,Computers,50,2,0.5,0.001,0.0,0.005,0.01,512,0.5,0.3,False,0.8578181624412536
SelfGCon,Computers,20,2,0.5,0.001,0.0,0.005,0.0001,512,0.5,0.3,False,0.8859636068344117
SelfGCon,Computers,50,2,0.5,0.001,0.0,0.005,0.0001,512,0.5,0.3,False,0.8868363440036774
SelfGCon,Computers,20,2,0.5,0.001,0.0,0.01,0.01,512,0.5,0.4,False,0.8482181549072265
SelfGCon,Computers,50,2,0.5,0.001,0.0,0.01,0.01,512,0.5,0.4,False,0.8621818006038666
SelfGCon,Computers,20,2,0.5,0.001,0.0,0.01,0.0001,512,0.5,0.4,False,0.8875636100769043
SelfGCon,Computers,50,2,0.5,0.001,0.0,0.01,0.0001,512,0.5,0.4,False,0.8823999762535095
SelfGCon,Computers,20,2,0.5,0.001,0.0,0.005,0.01,512,0.5,0.4,False,0.8513454318046569
SelfGCon,Computers,50,2,0.5,0.001,0.0,0.005,0.01,512,0.5,0.4,False,0.859854519367218
SelfGCon,Computers,20,2,0.5,0.001,0.0,0.005,0.0001,512,0.5,0.4,False,0.8843636095523835
SelfGCon,Computers,50,2,0.5,0.001,0.0,0.005,0.0001,512,0.5,0.4,False,0.8867636144161224
SelfGCon,Computers,20,2,0.5,0.001,0.0,0.01,0.01,512,0.5,0.5,False,0.8503272533416748
SelfGCon,Computers,50,2,0.5,0.001,0.0,0.01,0.01,512,0.5,0.5,False,0.8551999747753143
SelfGCon,Computers,20,2,0.5,0.001,0.0,0.01,0.0001,512,0.5,0.5,False,0.8839999794960022
SelfGCon,Computers,50,2,0.5,0.001,0.0,0.01,0.0001,512,0.5,0.5,False,0.887345427274704
SelfGCon,Computers,20,2,0.5,0.001,0.0,0.005,0.01,512,0.5,0.5,False,0.8424727082252502
SelfGCon,Computers,50,2,0.5,0.001,0.0,0.005,0.01,512,0.5,0.5,False,0.8549090683460235
SelfGCon,Computers,20,2,0.5,0.001,0.0,0.005,0.0001,512,0.5,0.5,False,0.8795636057853699
SelfGCon,Computers,50,2,0.5,0.001,0.0,0.005,0.0001,512,0.5,0.5,False,0.8840727150440216
